APC,Provider Id,Provider Name,Provider Street Address,Provider City,Provider State,Provider Zip Code,Hospital Referral Region Description,Outpatient Services,Average Estimated Submitted Charges,Average Total Payments
0012 - Level I Debridement & Destruction,10029,EAST ALABAMA MEDICAL CENTER AND SNF,2000 PEPPERELL PARKWAY,OPELIKA,AL,36801,AL - Birmingham,23,78.08,21.91
0012 - Level I Debridement & Destruction,20024,CENTRAL PENINSULA GENERAL HOSPITAL,250 HOSPITAL PLACE,SOLDOTNA,AK,99669,AK - Anchorage,994,149.58,36.62
0012 - Level I Debridement & Destruction,30064,"UNIVERSITY OF ARIZONA MEDICAL CTR-UNIVERSIT, THE",1501 NORTH CAMPBELL AVENUE,TUCSON,AZ,85724,AZ - Tucson,1765,50.13,14.54
0012 - Level I Debridement & Destruction,30088,BANNER BAYWOOD MEDICAL CENTER,6644 EAST BAYWOOD AVENUE,MESA,AZ,85206,AZ - Mesa,20,112.4,23.73
0012 - Level I Debridement & Destruction,30111,"UNIVERSITY OF ARIZONA MEDICAL CTR- SOUTH CAM, THE",2800 EAST AJO WAY,TUCSON,AZ,85713,AZ - Tucson,22,152.04,16.56
0012 - Level I Debridement & Destruction,40016,UAMS MEDICAL CENTER,4301 WEST MARKHAM STREET MAIL SLOT 612,LITTLE ROCK,AR,72205,AR - Little Rock,3166,58.95,13.57
0012 - Level I Debridement & Destruction,40017,NORTH ARKANSAS REGIONAL MEDICAL CENTER,620 NORTH MAIN STREET,HARRISON,AR,72601,AR - Springdale,438,143.63,28.4
0012 - Level I Debridement & Destruction,40036,BAPTIST HEALTH MEDICAL CENTER NORTH LITTLE ROCK,3333 SPRINGHILL DRIVE,NORTH LITTLE RO,AR,72117,AR - Little Rock,21,115.63,18.25
0012 - Level I Debridement & Destruction,40055,SPARKS REGIONAL MEDICAL CENTER,1001 TOWSON AVENUE,FORT SMITH,AR,72901,AR - Fort Smith,41,80.1,13.17
0012 - Level I Debridement & Destruction,40118,NEA BAPTIST MEMORIAL HOSPITAL,3024 STADIUM BOULEVARD,JONESBORO,AR,72401,AR - Jonesboro,12,16.99,12.64
0012 - Level I Debridement & Destruction,40119,WHITE RIVER MEDICAL CENTER,1710 HARRISON STREET,BATESVILLE,AR,72503,AR - Little Rock,31,116.32,25.23
0012 - Level I Debridement & Destruction,50017,MERCY GENERAL HOSPITAL,4001 J ST,SACRAMENTO,CA,95819,CA - Sacramento,18,39.88,35.23
0012 - Level I Debridement & Destruction,50025,UNIVERSITY OF CALIFORNIA SAN DIEGO MEDICAL CENTER,200 WEST ARBOR DRIVE,SAN DIEGO,CA,92103,CA - San Diego,415,33.18,16.57
0012 - Level I Debridement & Destruction,50038,SANTA CLARA VALLEY MEDICAL CENTER,751 SOUTH BASCOM AVENUE,SAN JOSE,CA,95128,CA - San Jose,879,170.58,25.57
0012 - Level I Debridement & Destruction,50093,SAINT AGNES MEDICAL CENTER,1303 E HERNDON AVE,FRESNO,CA,93710,CA - Fresno,14,219.57,17.75
0012 - Level I Debridement & Destruction,50179,EMANUEL MEDICAL CENTER INC,825 DELBON AVE,TURLOCK,CA,95382,CA - Modesto,77,56.87,16.81
0012 - Level I Debridement & Destruction,50230,GARDEN GROVE HOSPITAL & MEDICAL CENTER,12601 GARDEN GROVE BLVD,GARDEN GROVE,CA,92843,CA - Orange County,23,223.55,20.33
0012 - Level I Debridement & Destruction,50262,RONALD REAGAN UCLA MEDICAL CENTER,757 WESTWOOD PLAZA,LOS ANGELES,CA,90095,CA - Los Angeles,5111,72.25,16.66
0012 - Level I Debridement & Destruction,50280,MERCY MEDICAL CENTER REDDING,"2175 ROSALINE AVE, CLAIRMONT HGTS",REDDING,CA,96001,CA - Redding,15,92.23,19.27
0012 - Level I Debridement & Destruction,50335,SONORA REGIONAL MEDICAL CENTER,1000 GREENLEY ROAD,SONORA,CA,95370,CA - Modesto,864,36.2,18.28
0012 - Level I Debridement & Destruction,50348,UNIVERSITY OF CALIFORNIA IRVINE MED CENTER,101 CITY DRIVE SOUTH,ORANGE,CA,92868,CA - Orange County,577,24.6,16.63
0012 - Level I Debridement & Destruction,50367,NORTHBAY MEDICAL CENTER,1200 B  GALE WILSON BLVD,FAIRFIELD,CA,94533,CA - Contra Costa County,33,61.91,20.63
0012 - Level I Debridement & Destruction,50394,COMMUNITY MEMORIAL HOSPITAL SAN BUENAVENTURA,147 N BRENT ST,VENTURA,CA,93003,CA - Ventura,27,38,22
0012 - Level I Debridement & Destruction,50417,SUTTER COAST HOSPITAL,800 E WASHINGTON BLVD,CRESCENT CITY,CA,95531,OR - Medford,19,55,17.75
0012 - Level I Debridement & Destruction,50434,COLUSA REGIONAL MEDICAL CENTER,199 EAST WEBSTER ST,COLUSA,CA,95932,CA - Sacramento,51,76.76,18.09
0012 - Level I Debridement & Destruction,50441,STANFORD HOSPITAL,300 PASTEUR DRIVE,STANFORD,CA,94305,CA - San Mateo County,757,99.79,20.62
0012 - Level I Debridement & Destruction,50454,UCSF MEDICAL CENTER,"505 PARNASSUS AVE, BOX 0296",SAN FRANCISCO,CA,94143,CA - San Francisco,3751,63.94,19.92
0012 - Level I Debridement & Destruction,50457,ST MARY'S MEDICAL CENTER,450 STANYAN ST,SAN FRANCISCO,CA,94117,CA - San Francisco,46,123.39,20.1
0012 - Level I Debridement & Destruction,50573,EISENHOWER MEDICAL CENTER,39-000 BOB HOPE DRIVE,RANCHO MIRAGE,CA,92270,CA - Palm Springs/Rancho M,491,34.01,18.83
0012 - Level I Debridement & Destruction,50580,LA PALMA INTERCOMMUNITY HOSPITAL,7901 WALKER STREET,LA PALMA,CA,90623,CA - Orange County,64,230.53,22.17
0012 - Level I Debridement & Destruction,50599,UNIVERSITY OF CALIFORNIA DAVIS MEDICAL CENTER,2315 STOCKTON BOULEVARD,SACRAMENTO,CA,95817,CA - Sacramento,4835,47.14,18.06
0012 - Level I Debridement & Destruction,50688,SAINT LOUISE REGIONAL HOSPITAL,9400 NO NAME UNO,GILROY,CA,95020,CA - San Jose,13,343.38,28.52
0012 - Level I Debridement & Destruction,50696,KECK HOSPITAL OF USC,1500 SAN PABLO ST,LOS ANGELES,CA,90033,CA - Los Angeles,83,248.08,32.35
0012 - Level I Debridement & Destruction,60011,DENVER HEALTH MEDICAL CENTER,777 BANNOCK ST,DENVER,CO,80204,CO - Denver,16,51.29,16.37
0012 - Level I Debridement & Destruction,60015,CENTURA HEALTH-ST ANTHONY HOSPITAL,11600 WEST 2ND PLACE,LAKEWOOD,CO,80228,CO - Denver,44,65.04,15.76
0012 - Level I Debridement & Destruction,60024,UNIVERSITY OF COLORADO HOSPITAL ANSCHUTZ INPATIENT,12605 EAST 16TH AVENUE,AURORA,CO,80045,CO - Denver,3633,100.3,15.41
0012 - Level I Debridement & Destruction,60027,BOULDER COMMUNITY HOSPITAL,1100 BALSAM AVENUE,BOULDER,CO,80304,CO - Boulder,53,18,15.24
0012 - Level I Debridement & Destruction,60031,CENTURA HEALTH-PENROSE ST FRANCIS HEALTH SERVICES,2222 N NEVADA AVE,COLORADO SPRING,CO,80907,CO - Colorado Springs,1681,87.12,30.44
0012 - Level I Debridement & Destruction,60034,SWEDISH MEDICAL CENTER,501 E HAMPDEN AVENUE,ENGLEWOOD,CO,80113,CO - Denver,84,79.6,15.59
0012 - Level I Debridement & Destruction,60104,CENTURA HEALTH-ST ANTHONY NORTH HOSPITAL,2551 W 84TH AVENUE,WESTMINSTER,CO,80031,CO - Denver,69,65.84,15.85
0012 - Level I Debridement & Destruction,70011,CHARLOTTE HUNGERFORD HOSPITAL,540 LITCHFIELD ST,TORRINGTON,CT,6790,CT - Hartford,12,38.53,19.99
0012 - Level I Debridement & Destruction,70022,YALE-NEW HAVEN HOSPITAL,20 YORK ST,NEW HAVEN,CT,6504,CT - New Haven,11,180.28,18.72
0012 - Level I Debridement & Destruction,70036,JOHN DEMPSEY HOSPITAL,263 FARMINGTON AVE,FARMINGTON,CT,6032,CT - Hartford,2868,95.05,18.94
0012 - Level I Debridement & Destruction,70039,MASONIC HOME AND HOSPITAL,22 MASONIC AVE,WALLINGFORD,CT,6492,CT - New Haven,862,49.71,25.81
0012 - Level I Debridement & Destruction,90011,WASHINGTON HOSPITAL CENTER,110 IRVING ST NW,WASHINGTON,DC,20010,DC - Washington,204,68.66,15.4
0012 - Level I Debridement & Destruction,100012,LEE MEMORIAL HOSPITAL,2776 CLEVELAND AVE,FORT MYERS,FL,33901,FL - Fort Myers,21,188.74,20.87
0012 - Level I Debridement & Destruction,100022,JACKSON MEMORIAL HOSPITAL,1611 NW 12TH AVE,MIAMI,FL,33136,FL - Miami,420,84.51,15.73
0012 - Level I Debridement & Destruction,100023,CITRUS MEMORIAL HOSPITAL,502 HIGHLAND BLVD,INVERNESS,FL,34452,FL - Ocala,23,73.62,14.67
0012 - Level I Debridement & Destruction,100025,SACRED HEART HOSPITAL,5151 N 9TH AVE,PENSACOLA,FL,32504,FL - Pensacola,1137,17.79,13.53
0012 - Level I Debridement & Destruction,100090,FLAGLER HOSPITAL,400 HEALTH PARK BLVD,SAINT AUGUSTINE,FL,32086,FL - Jacksonville,11,375.61,14.46
0012 - Level I Debridement & Destruction,100118,FLORIDA HOSPITAL FLAGLER,60 MEMORIAL MEDICAL PKWY,PALM COAST,FL,32164,FL - Ormond Beach,105,29,14.13
0012 - Level I Debridement & Destruction,100204,NORTH FLORIDA REGIONAL MEDICAL CENTER,6500 NEWBERRY RD,GAINESVILLE,FL,32605,FL - Gainesville,78,222.76,13.31
0012 - Level I Debridement & Destruction,100217,SEBASTIAN RIVER MEDICAL CENTER,13695 US HWY 1,SEBASTIAN,FL,32978,FL - Orlando,25,220.28,27.21
0012 - Level I Debridement & Destruction,100292,SACRED HEART HOSPITAL ON THE EMERALD COAST,7800 US HWY 98 W,MIRAMAR BEACH,FL,32550,FL - Pensacola,330,15.41,13.59
0012 - Level I Debridement & Destruction,110034,MEDICAL COLLEGE OF GA HOSPITALS AND CLINICS,1120 15TH STREET,AUGUSTA,GA,30912,GA - Augusta,413,114.22,14.47
0012 - Level I Debridement & Destruction,110035,WELLSTAR KENNESTONE HOSPITAL,677 CHURCH STREET,MARIETTA,GA,30060,GA - Atlanta,20,210,28.1
0012 - Level I Debridement & Destruction,110079,GRADY MEMORIAL HOSPITAL,"80 JESSE HILL, JR DRIVE SE",ATLANTA,GA,30303,GA - Atlanta,442,111.57,25.6
0012 - Level I Debridement & Destruction,110122,SOUTH GEORGIA MEDICAL CENTER,"2501 NORTH PATTERSON STREET, PO BOX 1727",VALDOSTA,GA,31603,FL - Tallahassee,11,127.43,26.32
0012 - Level I Debridement & Destruction,110205,NORTH GEORGIA MEDICAL CENTER,1362 SOUTH MAIN STREET,ELLIJAY,GA,30540,GA - Atlanta,17,22.66,14.18
0012 - Level I Debridement & Destruction,110229,"PIEDMONT NEWNAN HOSPITAL, INC",60 HOSPITAL ROAD,NEWNAN,GA,30263,GA - Atlanta,33,134.78,20.9
0012 - Level I Debridement & Destruction,120022,STRAUB CLINIC AND HOSPITAL,888 SO KING STREET,HONOLULU,HI,96813,HI - Honolulu,1066,62.88,16.07
0012 - Level I Debridement & Destruction,130006,ST LUKES REGIONAL MEDICAL CENTER,190 EAST BANNOCK STREET,BOISE,ID,83712,ID - Boise,559,30.17,14.31
0012 - Level I Debridement & Destruction,130007,ST ALPHONSUS REGIONAL MEDICAL CENTER,1055 NORTH CURTIS ROAD,BOISE,ID,83706,ID - Boise,139,23.25,14.65
0012 - Level I Debridement & Destruction,130065,MOUNTAIN VIEW HOSPITAL,2325 CORONADO STREET,IDAHO FALLS,ID,83404,ID - Idaho Falls,13,42.23,15.68
0012 - Level I Debridement & Destruction,140002,ALTON MEMORIAL HOSPITAL,ONE MEMORIAL DRIVE,ALTON,IL,62002,MO - St. Louis,22,107.15,15.29
0012 - Level I Debridement & Destruction,140010,EVANSTON HOSPITAL,2650 RIDGE AVE,EVANSTON,IL,60201,IL - Evanston,1140,141.51,15.51
0012 - Level I Debridement & Destruction,140012,KATHERINE SHAW BETHEA HOSPITAL,403 E 1ST ST,DIXON,IL,61021,IL - Rockford,28,22.75,16.87
0012 - Level I Debridement & Destruction,140043,CGH MEDICAL CENTER,100 EAST LEFEVRE ROAD,STERLING,IL,61081,IL - Rockford,1093,48.2,13.69
0012 - Level I Debridement & Destruction,140067,SAINT FRANCIS MEDICAL CENTER,530 NE GLEN OAK AVE,PEORIA,IL,61637,IL - Peoria,13,151.92,17.5
0012 - Level I Debridement & Destruction,140088,THE UNIVERSITY OF CHICAGO MEDICAL CENTER,5841 SOUTH MARYLAND,CHICAGO,IL,60637,IL - Chicago,1773,117.68,15.33
0012 - Level I Debridement & Destruction,140091,CARLE FOUNDATION HOSPITAL,611 WEST PARK STREET,URBANA,IL,61801,IL - Urbana,29,114,17.06
0012 - Level I Debridement & Destruction,140119,RUSH UNIVERSITY MEDICAL CENTER,1653 WEST CONGRESS PARKWAY,CHICAGO,IL,60612,IL - Chicago,859,76.48,14.79
0012 - Level I Debridement & Destruction,140135,DECATUR MEMORIAL HOSPITAL,2300 NORTH EDWARD STREET,DECATUR,IL,62526,IL - Springfield,28,61.04,14.1
0012 - Level I Debridement & Destruction,140150,UNIVERSITY OF ILLINOIS HOSPITAL,1740 WEST TAYLOR ST SUITE 1400,CHICAGO,IL,60612,IL - Chicago,75,72.6,15.55
0012 - Level I Debridement & Destruction,140185,MEMORIAL HOSPITAL,4500 MEMORIAL DRIVE,BELLEVILLE,IL,62226,MO - St. Louis,16,371.79,14.02
0012 - Level I Debridement & Destruction,140200,ELMHURST MEMORIAL HOSPITAL,155 EAST BRUSH HILL ROAD,ELMHURST,IL,60126,IL - Melrose Park,1802,44.47,16.42
0012 - Level I Debridement & Destruction,140276,LOYOLA UNIVERSITY MEDICAL CENTER,2160 S 1ST AVENUE,MAYWOOD,IL,60153,IL - Melrose Park,1326,167.67,17.08
0012 - Level I Debridement & Destruction,150024,WILLIAM N WISHARD MEMORIAL HOSPITAL,1001 W 10TH ST,INDIANAPOLIS,IN,46202,IN - Indianapolis,291,126.32,17.1
0012 - Level I Debridement & Destruction,160057,GREAT RIVER MEDICAL CENTER,1221 SOUTH GEAR AVENUE,WEST BURLINGTON,IA,52655,IA - Davenport,11,167.63,16.94
0012 - Level I Debridement & Destruction,160058,UNIVERSITY OF IOWA HOSPITAL & CLINICS,200 HAWKINS DRIVE,IOWA CITY,IA,52242,IA - Iowa City,1048,186.75,14.64
0012 - Level I Debridement & Destruction,160064,MERCY MEDICAL CENTER-NORTH IOWA,1000 FOURTH STREET SW,MASON CITY,IA,50401,IA - Mason City,12566,19.82,15.57
0012 - Level I Debridement & Destruction,160101,BROADLAWNS MEDICAL CENTER,1801 HICKMAN ROAD,DES MOINES,IA,50314,IA - Des Moines,20,54.45,14.43
0012 - Level I Debridement & Destruction,170001,NEWMAN REGIONAL HEALTH,1201 WEST 12TH AVENUE,EMPORIA,KS,66801,KS - Topeka,27,65.44,22.23
0012 - Level I Debridement & Destruction,170103,NEWTON MEDICAL CENTER,800 MEDICAL CENTER DR,NEWTON,KS,67114,KS - Wichita,15,28.15,13.84
0012 - Level I Debridement & Destruction,170123,WESLEY MEDICAL CENTER,550 N HILLSIDE ST,WICHITA,KS,67214,KS - Wichita,45,207.6,25.83
0012 - Level I Debridement & Destruction,170166,MORTON COUNTY HOSPITAL,445 N HILLTOP,ELKHART,KS,67950,TX - Amarillo,94,20.97,14.92
0012 - Level I Debridement & Destruction,180018,ST CLAIRE REGIONAL MEDICAL CENTER,222 MEDICAL CIRCLE,MOREHEAD,KY,40351,KY - Lexington,15,81.92,18.52
0012 - Level I Debridement & Destruction,180088,"NORTON HOSPITALS, INC",200 EAST CHESTNUT STREET,LOUISVILLE,KY,40202,KY - Louisville,23,106,21.66
0012 - Level I Debridement & Destruction,190001,WASHINGTON ST TAMMANY  REGIONAL MEDICAL CENTER,433 PLAZA ST,BOGALUSA,LA,70427,LA - Metairie,153,122.2,23.25
0012 - Level I Debridement & Destruction,190005,CHARITY HOSPITAL & MEDICAL CENTER OF LOUI AT NO,2021 PERDIDO ST  4FLOOR,NEW ORLEANS,LA,70112,LA - New Orleans,280,90.38,19.6
0012 - Level I Debridement & Destruction,190008,TERREBONNE GENERAL MEDICAL CENTER,8166 MAIN STREET,HOUMA,LA,70360,LA - Houma,60,109.26,25.95
0012 - Level I Debridement & Destruction,190039,WEST JEFFERSON MEDICAL CENTER,1101 MEDICAL CENTER BLVD,MARRERO,LA,70072,LA - New Orleans,51,103.54,23.55
0012 - Level I Debridement & Destruction,190046,TOURO INFIRMARY,1401 FOUCHER STREET,NEW ORLEANS,LA,70115,LA - New Orleans,13,642.88,13.97
0012 - Level I Debridement & Destruction,190160,GLENWOOD REGIONAL MEDICAL CENTER,503 MCMILLAN ROAD,WEST MONROE,LA,71291,LA - Monroe,1540,146.32,22.79
0012 - Level I Debridement & Destruction,190161,W O MOSS REGIONAL MEDICAL CENTER,1000 WALTERS STREET,LAKE CHARLES,LA,70607,LA - Lake Charles,75,59.54,14.67
0012 - Level I Debridement & Destruction,190176,TULANE MEDICAL CENTER,1415 TULANE AVE,NEW ORLEANS,LA,70112,LA - New Orleans,69,96.5,14.17
0012 - Level I Debridement & Destruction,200008,MERCY HOSPITAL,144 STATE STREET,PORTLAND,ME,4101,ME - Portland,963,60.38,22.17
0012 - Level I Debridement & Destruction,200018,"AROOSTOOK MEDICAL CENTER,THE",140 ACADEMY ST - PO BOX 151,PRESQUE ISLE,ME,4769,ME - Bangor,379,30.54,13.57
0012 - Level I Debridement & Destruction,200019,SOUTHERN MAINE MEDICAL CENTER,1 MEDICAL CENTER DRIVE,BIDDEFORD,ME,4005,ME - Portland,61,20.86,14.8
0012 - Level I Debridement & Destruction,200021,MID COAST HOSPITAL,123 MEDICAL CENTER DRIVE,BRUNSWICK,ME,4011,ME - Portland,143,17.37,14.9
0012 - Level I Debridement & Destruction,200033,EASTERN MAINE MEDICAL CENTER,"489 STATE ST, PO BOX 404",BANGOR,ME,4401,ME - Bangor,123,35.43,14.7
0012 - Level I Debridement & Destruction,200034,ST MARYS REGIONAL MEDICAL CENTER,CAMPUS AVENUE - PO BOX 291,LEWISTON,ME,4240,ME - Portland,277,34.82,14.52
0012 - Level I Debridement & Destruction,200039,MAINE GENERAL MEDICAL CENTER,6 E CHESTNUT ST,AUGUSTA,ME,4330,ME - Portland,218,29.34,14.62
0012 - Level I Debridement & Destruction,200050,MAINE COAST MEMORIAL HOSPITAL,50 UNION ST,ELLSWORTH,ME,4605,ME - Bangor,507,17.5,14.61
0012 - Level I Debridement & Destruction,200063,PENOBSCOT BAY MEDICAL CENTER,6 GLEN COVE DRIVE,ROCKPORT,ME,4856,ME - Portland,104,59.36,14.7
0012 - Level I Debridement & Destruction,220011,CAMBRIDGE HEALTH ALLIANCE,1493 CAMBRIDGE STREET,CAMBRIDGE,MA,2138,MA - Boston,48,437.39,19.6
0012 - Level I Debridement & Destruction,220030,WING MEMORIAL HOSPITAL AND MEDICAL CENTER,40 WRIGHT STREET,PALMER,MA,1069,MA - Springfield,504,40,22
0012 - Level I Debridement & Destruction,220031,BOSTON MEDICAL CENTER CORPORATION,1 BOSTON MEDICAL CENTER PLACE,BOSTON,MA,2118,MA - Boston,1930,113.57,18.95
0012 - Level I Debridement & Destruction,220033,BEVERLY HOSPITAL CORPORATION,85 HERRICK STREET,BEVERLY,MA,1915,MA - Boston,626,223,20.35
0012 - Level I Debridement & Destruction,220036,ST ELIZABETH'S MEDICAL CENTER,736 CAMBRIDGE STREET,BRIGHTON,MA,2135,MA - Boston,205,69.53,32.85
0012 - Level I Debridement & Destruction,220046,BERKSHIRE MEDICAL CENTER INC,725 NORTH STREET,PITTSFIELD,MA,1201,NY - Albany,11,32.87,20.83
0012 - Level I Debridement & Destruction,220071,MASSACHUSETTS GENERAL HOSPITAL,55 FRUIT STREET,BOSTON,MA,2114,MA - Boston,2599,69.83,19.54
0012 - Level I Debridement & Destruction,220086,BETH ISRAEL DEACONESS MEDICAL CENTER,330 BROOKLINE AVENUE,BOSTON,MA,2215,MA - Boston,3782,108.81,18.02
0012 - Level I Debridement & Destruction,220110,BRIGHAM AND WOMEN'S HOSPITAL,75 FRANCIS STREET,BOSTON,MA,2115,MA - Boston,6556,54.01,16.91
0012 - Level I Debridement & Destruction,220116,TUFTS MEDICAL CENTER,800 WASHINGTON STREET,BOSTON,MA,2111,MA - Boston,2016,231.65,18.01
0012 - Level I Debridement & Destruction,220163,UMASS MEMORIAL MEDICAL CENTER INC,55 LAKE AVENUE NORTH,WORCESTER,MA,1655,MA - Worcester,925,171.99,16.49
0012 - Level I Debridement & Destruction,220171,LAHEY CLINIC HOSPITAL,41 & 45 MALL ROAD,BURLINGTON,MA,1803,MA - Boston,12018,345.66,17.05
0012 - Level I Debridement & Destruction,220175,METROWEST MEDICAL CENTER,115 LINCOLN STREET,FRAMINGHAM,MA,1701,MA - Boston,29,216.18,29.96
0012 - Level I Debridement & Destruction,220177,NANTUCKET COTTAGE HOSPITAL,57 PROSPECT STREET,NANTUCKET,MA,2554,MA - Boston,11,47.7,14.56
0012 - Level I Debridement & Destruction,230046,UNIVERSITY OF MICHIGAN HEALTH SYSTEM,"1500 E MEDICAL CENTER DRIVE, SPC 5474",ANN ARBOR,MI,48109,MI - Ann Arbor,2362,64.79,16.03
0012 - Level I Debridement & Destruction,230054,MARQUETTE GENERAL HOSPITAL,420 W MAGNETIC,MARQUETTE,MI,49855,MI - Marquette,78,29.22,15.39
0012 - Level I Debridement & Destruction,230165,ST JOHN HOSPITAL AND MEDICAL CENTER,22101 MOROSS RD,DETROIT,MI,48236,MI - Detroit,159,30.53,15.05
0012 - Level I Debridement & Destruction,230195,ST JOHN MACOMB-OAKLAND HOSPITAL-MACOMB CENTER,11800 EAST TWELVE MILE ROAD,WARREN,MI,48093,MI - Detroit,14,36.06,17.81
0012 - Level I Debridement & Destruction,230241,ST JOHN RIVER DISTRICT HOSPITAL,4100 RIVER RD,EAST CHINA,MI,48054,MI - Detroit,16,12.64,7.3
0012 - Level I Debridement & Destruction,230297,KARMANOS CANCER CENTER,4100 JOHN R,DETROIT,MI,48201,MI - Detroit,14,101,14.78
0012 - Level I Debridement & Destruction,230302,HENRY FORD WEST BLOOMFIELD HOSPITAL,6777 WEST MAPLE ROAD,W BLOOMFIELD,MI,48322,MI - Royal Oak,46,107.33,27.89
0012 - Level I Debridement & Destruction,240004,HENNEPIN COUNTY MEDICAL CENTER,701 PARK AVENUE,MINNEAPOLIS,MN,55415,MN - Minneapolis,441,94.64,24.93
0012 - Level I Debridement & Destruction,240006,OLMSTED MEDICAL CENTER,1650 FOURTH STREET SOUTHEAST,ROCHESTER,MN,55904,MN - Rochester,1391,24.11,16.27
0012 - Level I Debridement & Destruction,240018,FAIRVIEW RED WING HOSPITAL,"701 FAIRVIEW BOULEVARD, PO BOX 95",RED WING,MN,55066,MN - Rochester,158,46.99,15.67
0012 - Level I Debridement & Destruction,240019,ESSENTIA HEALTH DULUTH,502 EAST SECOND STREET,DULUTH,MN,55805,MN - Duluth,4345,39.11,15.97
0012 - Level I Debridement & Destruction,240043,MAYO CLINIC HEALTH SYSTEM - ALBERT LEA,404 WEST FOUNTAIN STREET,ALBERT LEA,MN,56007,MN - Rochester,618,52.09,14.39
0012 - Level I Debridement & Destruction,240044,WINONA HEALTH SERVICES,855 MANKATO AVENUE,WINONA,MN,55987,WI - La Crosse,160,25.21,16.29
0012 - Level I Debridement & Destruction,240052,LAKE REGION HEALTHCARE CORPORATION,712 SOUTH CASCADE,FERGUS FALLS,MN,56537,ND - Fargo/Moorhead MN,294,28.28,15.15
0012 - Level I Debridement & Destruction,240061,MAYO CLINIC METHODIST HOSPITAL,201 WEST CENTER STREET,ROCHESTER,MN,55902,MN - Rochester,464,34.76,16.07
0012 - Level I Debridement & Destruction,240064,GRAND ITASCA CLINIC AND HOSPITAL,1601 GOLF COURSE ROAD,GRAND RAPIDS,MN,55744,MN - Minneapolis,131,31.95,16.6
0012 - Level I Debridement & Destruction,240075,ESSENTIA HEALTH ST JOSEPH'S MEDICAL CENTER,523 NORTH 3RD STREET,BRAINERD,MN,56401,MN - Minneapolis,429,71.83,24.72
0012 - Level I Debridement & Destruction,240078,FAIRVIEW SOUTHDALE HOSPITAL,6401 FRANCE AVENUE SOUTH,EDINA,MN,55435,MN - Minneapolis,16,97,16.75
0012 - Level I Debridement & Destruction,240080,"UNIVERSITY OF MINNESOTA  MEDICAL CENTER, FAIRVIEW",2450 RIVERSIDE AVENUE,MINNEAPOLIS,MN,55454,MN - Minneapolis,1281,130.97,16.45
0012 - Level I Debridement & Destruction,240101,ESSENTIA HEALTH ST MARYS,1027 WASHINGTON AVE,DETROIT LAKES,MN,56501,ND - Fargo/Moorhead MN,42,35.85,20.68
0012 - Level I Debridement & Destruction,240117,MAYO CLINIC HEALTH SYSTEM - AUSTIN,1000 FIRST DRIVE NORTHWEST,AUSTIN,MN,55912,MN - Rochester,1937,59.07,14.69
0012 - Level I Debridement & Destruction,240166,MAYO CLINIC HEALTH SYSTEM - FAIRMONT,"835 JOHNSON STREET, PO BOX 835",FAIRMONT,MN,56031,MN - Minneapolis,277,64.18,17.11
0012 - Level I Debridement & Destruction,240210,HEALTHEAST ST JOHN'S HOSPITAL,1575 BEAM AVENUE,MAPLEWOOD,MN,55109,MN - St. Paul,44,192.02,21.14
0012 - Level I Debridement & Destruction,250019,MEMORIAL HOSPITAL AT GULFPORT,4500 13TH ST-P O BOX 1810,GULFPORT,MS,39502,MS - Gulfport,881,90.03,20.22
0012 - Level I Debridement & Destruction,250058,SOUTH CENTRAL REG MED CTR,1220 JEFFERSON ST BOX 607,LAUREL,MS,39440,MS - Hattiesburg,120,74.21,26.91
0012 - Level I Debridement & Destruction,260006,HEARTLAND REGIONAL MEDICAL CENTER,5325 FARAON STREET,SAINT JOSEPH,MO,64506,MO - Kansas City,183,46.21,14.7
0012 - Level I Debridement & Destruction,260057,CAMERON REGIONAL MEDICAL CENTER,1600 E EVERGREEN,CAMERON,MO,64429,MO - Kansas City,1005,35.62,14.79
0012 - Level I Debridement & Destruction,260077,ST ANTHONY'S MEDICAL CENTER,10010 KENNERLY ROAD,SAINT LOUIS,MO,63128,MO - St. Louis,45,36.88,14.64
0012 - Level I Debridement & Destruction,260094,SKAGGS REGIONAL MEDICAL CENTER,PO BOX 650 BUS HWY 65 & SKAGGS RD,BRANSON,MO,65616,MO - Springfield,143,23.48,14.5
0012 - Level I Debridement & Destruction,260102,TRUMAN MEDICAL CENTER LAKEWOOD,7900 LEE'S SUMMIT RD,KANSAS CITY,MO,64139,MO - Kansas City,291,67.75,15.1
0012 - Level I Debridement & Destruction,260141,UNIVERSITY OF MISSOURI HEALTH CARE,"ONE HOSPITAL DRIVE, ROOM CE121, DC031,00",COLUMBIA,MO,65201,MO - Columbia,7273,46.94,13.4
0012 - Level I Debridement & Destruction,260179,ST LUKES HOSPITAL,232 S WOODS MILL RD,CHESTERFIELD,MO,63017,MO - St. Louis,26,139.37,26.42
0012 - Level I Debridement & Destruction,260207,OZARKS COMMUNITY HOSPITAL,2828 NORTH NATIONAL,SPRINGFIELD,MO,65803,MO - Springfield,196,108.36,13.68
0012 - Level I Debridement & Destruction,270004,BILLINGS CLINIC HOSPITAL,2800 10TH AVE N,BILLINGS,MT,59101,MT - Billings,4844,42.24,14.92
0012 - Level I Debridement & Destruction,270049,ST VINCENT HEALTHCARE,1233 N 30TH ST,BILLINGS,MT,59107,MT - Billings,846,17.86,14.99
0012 - Level I Debridement & Destruction,270057,BOZEMAN DEACONESS HOSPITAL,915 HIGHLAND BLVD,BOZEMAN,MT,59715,MT - Billings,137,19.29,16.07
0012 - Level I Debridement & Destruction,280013,THE NEBRASKA MEDICAL CENTER,987400 NEBRASKA MEDICAL CENTER,OMAHA,NE,68198,NE - Omaha,44,34.71,12.35
0012 - Level I Debridement & Destruction,280020,SAINT ELIZABETH REGIONAL MEDICAL CENTER,555 SOUTH 70TH ST,LINCOLN,NE,68510,NE - Lincoln,13,151,15.72
0012 - Level I Debridement & Destruction,280129,NEBRASKA ORTHOPAEDIC HOSPITAL,2808 SOUTH 143RD PLZ,OMAHA,NE,68144,NE - Omaha,15,841.9,14.46
0012 - Level I Debridement & Destruction,290012,SAINT ROSE DOMINICAN HOSPITAL - DE LIMA,102 E LAKE MEAD DR,HENDERSON,NV,89015,NV - Las Vegas,11,143,19.46
0012 - Level I Debridement & Destruction,300001,CONCORD HOSPITAL,250 PLEASANT ST,CONCORD,NH,3301,NH - Manchester,269,16.71,15.85
0012 - Level I Debridement & Destruction,300003,MARY HITCHCOCK MEMORIAL HOSPITAL,1 MEDICAL CENTER DRIVE,LEBANON,NH,3756,NH - Lebanon,1836,93.9,17.48
0012 - Level I Debridement & Destruction,300005,LAKES REGION GENERAL HOSPITAL,80 HIGHLAND ST,LACONIA,NH,3246,NH - Manchester,35,21.51,18.37
0012 - Level I Debridement & Destruction,300012,ELLIOT HOSPITAL,1 ELLIOT WAY,MANCHESTER,NH,3103,NH - Manchester,29,153.89,18.52
0012 - Level I Debridement & Destruction,300018,WENTWORTH-DOUGLASS HOSPITAL,789 CENTRAL AVE,DOVER,NH,3820,ME - Portland,219,44.93,30.59
0012 - Level I Debridement & Destruction,300019,CHESHIRE MEDICAL CENTER,580 COURT STREET,KEENE,NH,3431,NH - Lebanon,2227,28.92,17.62
0012 - Level I Debridement & Destruction,300034,CATHOLIC MEDICAL CENTER,100 MCGREGOR STREET,MANCHESTER,NH,3102,NH - Manchester,12,16,15.79
0012 - Level I Debridement & Destruction,320001,UNM HOSPITAL,2211 LOMAS BOULEVARD NE,ALBUQUERQUE,NM,87106,NM - Albuquerque,1118,147.65,14.52
0012 - Level I Debridement & Destruction,330005,KALEIDA HEALTH,"726 EXCHANGE STREET, SUITE 522",BUFFALO,NY,14210,NY - Buffalo,93,102.12,29.05
0012 - Level I Debridement & Destruction,330029,SHEEHAN MEMORIAL HOSPITAL,425 MICHIGAN AVENUE,BUFFALO,NY,14203,NY - Buffalo,11,74.5,26.4
0012 - Level I Debridement & Destruction,330058,GENEVA GENERAL HOSPITAL,196 -198 NORTH STREET,GENEVA,NY,14456,NY - Rochester,1802,23.84,13.71
0012 - Level I Debridement & Destruction,330090,ARNOT OGDEN MEDICAL CENTER,600 ROE AVENUE,ELMIRA,NY,14905,NY - Elmira,13,114.11,15.21
0012 - Level I Debridement & Destruction,330125,ROCHESTER GENERAL HOSPITAL,1425 PORTLAND AVENUE,ROCHESTER,NY,14621,NY - Rochester,426,49.04,13.73
0012 - Level I Debridement & Destruction,330136,MARY IMOGENE BASSETT HOSPITAL,ONE ATWELL ROAD,COOPERSTOWN,NY,13326,NY - Albany,1012,21.61,16.59
0012 - Level I Debridement & Destruction,330157,SAMARITAN MEDICAL CENTER,830 WASHINGTON STREET,WATERTOWN,NY,13601,NY - Syracuse,803,62.79,15.95
0012 - Level I Debridement & Destruction,330169,BETH ISRAEL MEDICAL CENTER,FIRST AVENUE AT 16TH STREET,NEW YORK,NY,10003,NY - Manhattan,189,43,17.69
0012 - Level I Debridement & Destruction,330211,CLAXTON-HEPBURN MEDICAL CENTER,214 KING STREET,OGDENSBURG,NY,13669,NY - Syracuse,1955,72.43,14.16
0012 - Level I Debridement & Destruction,330214,NYU HOSPITALS CENTER,550 FIRST AVENUE,NEW YORK,NY,10016,NY - Manhattan,31,58.26,21.68
0012 - Level I Debridement & Destruction,330219,ERIE COUNTY MEDICAL CENTER,462 GRIDER STREET,BUFFALO,NY,14215,NY - Buffalo,17,53.23,26.48
0012 - Level I Debridement & Destruction,330222,SARATOGA HOSPITAL,211 CHURCH STREET,SARATOGA SPRING,NY,12866,NY - Albany,80,35.86,20.23
0012 - Level I Debridement & Destruction,330232,SETON HEALTH SYSTEM-ST MARY'S CAMPUS,1300 MASSACHUSETTS AVENUE,TROY,NY,12180,NY - Albany,111,31.72,13.97
0012 - Level I Debridement & Destruction,330238,NICHOLAS H NOYES MEMORIAL HOSPITAL,111  CLARA BARTON STREET,DANSVILLE,NY,14437,NY - Rochester,28,31.15,14.19
0012 - Level I Debridement & Destruction,330241,UNIVERSITY HOSPITAL S U N Y HEALTH SCIENCE CENTER,750 EAST ADAMS STREET,SYRACUSE,NY,13210,NY - Syracuse,174,106.06,22.81
0012 - Level I Debridement & Destruction,330394,"UNITED HEALTH SERVICES HOSPITALS, INC",33-57 HARRISON STREET,JOHNSON CITY,NY,13790,NY - Binghamton,489,15.35,14.01
0012 - Level I Debridement & Destruction,340002,MEMORIAL MISSION HOSPITAL AND ASHEVILLE SURGERY CE,509 BILTMORE AVE,ASHEVILLE,NC,28801,NC - Asheville,709,99.83,22.42
0012 - Level I Debridement & Destruction,340014,FORSYTH MEMORIAL HOSPITAL,3333 SILAS CREEK PARKWAY,WINSTON-SALEM,NC,27103,NC - Winston-Salem,1508,39.23,14.86
0012 - Level I Debridement & Destruction,340016,MEDWEST HARRIS,68 HOSPITAL RD,SYLVA,NC,28779,NC - Asheville,93,35.56,14.37
0012 - Level I Debridement & Destruction,340017,MARGARET R PARDEE MEMORIAL HOSPITAL,800 N JUSTICE ST,HENDERSONVILLE,NC,28791,NC - Asheville,29,38.11,15.95
0012 - Level I Debridement & Destruction,340023,PARK RIDGE HEALTH,100 HOSPITAL DRIVE,HENDERSONVILLE,NC,28792,NC - Asheville,6922,30.47,14.37
0012 - Level I Debridement & Destruction,340030,DUKE UNIVERSITY HOSPITAL,PO BOX 3708 DUMC  ERWIN RD,DURHAM,NC,27710,NC - Durham,342,171.82,16.76
0012 - Level I Debridement & Destruction,340041,CALDWELL MEMORIAL HOSPITAL,321 MULBERRY ST SW,LENOIR,NC,28645,NC - Hickory,382,83.77,22.52
0012 - Level I Debridement & Destruction,340047,NORTH CAROLINA BAPTIST HOSPITAL,MEDICAL CENTER BOULEVARD,WINSTON-SALEM,NC,27157,NC - Winston-Salem,3037,49.4,14.06
0012 - Level I Debridement & Destruction,340061,UNIVERSITY OF NORTH CAROLINA HOSPITAL,101 MANNING DRIVE,CHAPEL HILL,NC,27514,NC - Durham,345,62.92,15.84
0012 - Level I Debridement & Destruction,340113,CAROLINAS MEDICAL CENTER/BEHAV HEALTH,1000 BLYTHE BLVD,CHARLOTTE,NC,28203,NC - Charlotte,39,55.08,24.08
0012 - Level I Debridement & Destruction,340147,NASH GENERAL HOSPITAL,2460 CURTIS ELLIS DRIVE,ROCKY MOUNT,NC,27804,NC - Raleigh,16,84,18.25
0012 - Level I Debridement & Destruction,340184,MEDWEST HAYWOOD,262 LEROY GEORGE DRIVE,CLYDE,NC,28721,NC - Asheville,39,29.37,14.37
0012 - Level I Debridement & Destruction,350006,TRINITY HOSPITALS,407 3RD ST SE,MINOT,ND,58701,ND - Minot,1810,17.73,15.97
0012 - Level I Debridement & Destruction,350011,SANFORD MEDICAL CENTER FARGO,801 BROADWAY NORTH,FARGO,ND,58122,ND - Fargo/Moorhead MN,647,16.61,15.13
0012 - Level I Debridement & Destruction,350015,MEDCENTER ONE,300 N 7TH ST,BISMARCK,ND,58506,ND - Bismarck,134,35.87,16.01
0012 - Level I Debridement & Destruction,350019,ALTRU HOSPITAL,1200 S COLUMBIA RD,GRAND FORKS,ND,58201,ND - Grand Forks,1860,22.37,15.11
0012 - Level I Debridement & Destruction,350070,ESSENTIA HEALTH-FARGO,3000 32ND AVE SOUTH,FARGO,ND,58104,ND - Fargo/Moorhead MN,2625,30.32,15.1
0012 - Level I Debridement & Destruction,360003,"UNIVERSITY HOSPITAL, INC",234 GOODMAN STREET,CINCINNATI,OH,45267,OH - Cincinnati,38,68.97,14.53
0012 - Level I Debridement & Destruction,360048,UNIVERSITY OF TOLEDO MEDICAL CENTER,3000 ARLINGTON AVENUE,TOLEDO,OH,43699,OH - Toledo,124,253.19,14.77
0012 - Level I Debridement & Destruction,360059,METRO HEALTH MEDICAL CENTER,2500 METROHEALTH DRIVE,CLEVELAND,OH,44109,OH - Cleveland,942,107.56,14.7
0012 - Level I Debridement & Destruction,360077,FAIRVIEW HOSPITAL,18101 LORAIN AVENUE,CLEVELAND,OH,44111,OH - Cleveland,13,17.23,15.13
0012 - Level I Debridement & Destruction,360098,LAKE HEALTH,7590 AUBURN ROAD,CONCORD,OH,44077,OH - Cleveland,13,110.29,15.13
0012 - Level I Debridement & Destruction,360147,MARIETTA MEMORIAL HOSPITAL,401 MATTHEW STREET,MARIETTA,OH,45750,OH - Columbus,172,19.11,13.92
0012 - Level I Debridement & Destruction,370002,WOODWARD REGIONAL HOSPITAL,900 17TH STREET,WOODWARD,OK,73801,OK - Oklahoma City,13,681.36,14.06
0012 - Level I Debridement & Destruction,370037,ST ANTHONY HOSPITAL,1000 NORTH LEE AVENUE,OKLAHOMA CITY,OK,73101,OK - Oklahoma City,27,44.08,14.39
0012 - Level I Debridement & Destruction,370056,COMANCHE COUNTY MEMORIAL HOSPITAL,3401 WEST GORE BOULVARD,LAWTON,OK,73505,OK - Lawton,16,140.31,16.18
0012 - Level I Debridement & Destruction,370222,"MCBRIDE CLINIC ORTHOPEDIC HOSPITAL,  L L C",9600 NORTH BROADWAY EXTENSION,OKLAHOMA CITY,OK,73114,OK - Oklahoma City,27,180,23.17
0012 - Level I Debridement & Destruction,380009,OHSU HOSPITAL AND CLINICS,3181 SW SAM JACKSON PARK ROAD,PORTLAND,OR,97223,OR - Portland,6532,34.71,15.97
0012 - Level I Debridement & Destruction,380014,GOOD SAMARITAN REGIONAL MEDICAL CENTER,3600 NW SAMARITAN DRIVE,CORVALLIS,OR,97330,OR - Eugene,42,89,29.23
0012 - Level I Debridement & Destruction,380018,ROGUE VALLEY MEDICAL CENTER,2825 E BARNETT ROAD,MEDFORD,OR,97504,OR - Medford,11,108.73,21.72
0012 - Level I Debridement & Destruction,380033,SACRED HEART UNIVERSITY DISTRICT,1255 HILYARD STREET,EUGENE,OR,97401,OR - Eugene,379,25.26,17.11
0012 - Level I Debridement & Destruction,380050,SKY LAKES MEDICAL CENTER,2865 DAGGETT AVENUE,KLAMATH FALLS,OR,97601,OR - Medford,713,49.1,16.04
0012 - Level I Debridement & Destruction,390006,GEISINGER MEDICAL CENTER,100 NORTH ACADEMY AVENUE,DANVILLE,PA,17822,PA - Danville,2955,94.23,14.53
0012 - Level I Debridement & Destruction,390045,WILLIAMSPORT REGIONAL MEDICAL CENTER,700 HIGH STREET,WILLIAMSPORT,PA,17701,PA - Danville,13,15,14.16
0012 - Level I Debridement & Destruction,390079,ROBERT PACKER HOSPITAL,ONE GUTHRIE SQUARE,SAYRE,PA,18840,PA - Sayre,17,127.95,21.88
0012 - Level I Debridement & Destruction,390102,UPMC ST MARGARET,815 FREEPORT ROAD,PITTSBURGH,PA,15215,PA - Pittsburgh,124,61.52,13.35
0012 - Level I Debridement & Destruction,390104,KANE COMMUNITY HOSPITAL,4372 ROUTE 6,KANE,PA,16735,PA - Erie,15,37.8,14.54
0012 - Level I Debridement & Destruction,390111,HOSPITAL OF UNIV OF PENNSYLVANIA,34TH & SPRUCE STS,PHILADELPHIA,PA,19104,PA - Philadelphia,8129,36,15.62
0012 - Level I Debridement & Destruction,390164,UPMC PRESBYTERIAN SHADYSIDE,200 LOTHROP STREET,PITTSBURGH,PA,15213,PA - Pittsburgh,423,79.46,13.71
0012 - Level I Debridement & Destruction,390168,BUTLER MEMORIAL HOSPITAL,ONE HOSPITAL WAY,BUTLER,PA,16001,PA - Pittsburgh,220,311.86,13.68
0012 - Level I Debridement & Destruction,390256,MILTON S HERSHEY MEDICAL CENTER,500 UNIVERSITY DRIVE,HERSHEY,PA,17033,PA - Harrisburg,3594,29.01,14.17
0012 - Level I Debridement & Destruction,390270,GEISINGER WYOMING VALLEY MEDICAL CENTER,100O EAST MOUNTAIN BOULEVARD,WILKES BARRE,PA,18711,PA - Wilkes-Barre,1323,85.02,14.17
0012 - Level I Debridement & Destruction,390321,SURGICAL SPECIALTY CENTER AT COORDINATED HEALTH,1503 CEDAR CREST BOULEVARD,ALLENTOWN,PA,18104,PA - Allentown,286,80,17.39
0012 - Level I Debridement & Destruction,410001,MEMORIAL HOSPITAL OF RHODE ISLAND,111 BREWSTER STREET,PAWTUCKET,RI,2860,RI - Providence,20,344.05,25.35
0012 - Level I Debridement & Destruction,410007,RHODE ISLAND HOSPITAL,593 EDDY STREET,PROVIDENCE,RI,2902,RI - Providence,16,120.76,19.42
0012 - Level I Debridement & Destruction,420004,MUSC MEDICAL CENTER,169 ASHLEY AVE,CHARLESTON,SC,29425,SC - Charleston,4076,55.91,14.07
0012 - Level I Debridement & Destruction,420007,SPARTANBURG REGIONAL MEDICAL CENTER,101 E WOOD ST,SPARTANBURG,SC,29303,SC - Spartanburg,49,56.84,26.91
0012 - Level I Debridement & Destruction,420018,PALMETTO HEALTH RICHLAND,5 RICHLAND MEDICAL PARK,COLUMBIA,SC,29203,SC - Columbia,22,44.95,19.45
0012 - Level I Debridement & Destruction,420023,ST FRANCIS-DOWNTOWN,ONE ST FRANCIS DR,GREENVILLE,SC,29601,SC - Greenville,18,120.05,26.33
0012 - Level I Debridement & Destruction,420071,SELF REGIONAL HEALTHCARE,1325 SPRING STREET,GREENWOOD,SC,29646,SC - Columbia,744,119.08,27.98
0012 - Level I Debridement & Destruction,430014,AVERA ST LUKES,305 S STATE ST,ABERDEEN,SD,57401,SD - Sioux Falls,53,30.04,23.48
0012 - Level I Debridement & Destruction,430016,AVERA MCKENNAN HOSPITAL & UNIVERSITY HEALTH CENTER,1325 S CLIFF AVE  PO BOX 5045,SIOUX FALLS,SD,57117,SD - Sioux Falls,1991,37.21,14.9
0012 - Level I Debridement & Destruction,440002,JACKSON-MADISON COUNTY GENERAL HOSPITAL,620 SKYLINE DRIVE,JACKSON,TN,38301,TN - Jackson,14,125.66,13.93
0012 - Level I Debridement & Destruction,440039,VANDERBILT UNIVERSITY HOSPITAL,1161 21ST AVENUE SOUTH,NASHVILLE,TN,37232,TN - Nashville,28,140.53,22
0012 - Level I Debridement & Destruction,440050,TAKOMA REGIONAL HOSPITAL,401 TAKOMA AVE,GREENEVILLE,TN,37743,TN - Knoxville,98,27.67,18.16
0012 - Level I Debridement & Destruction,440073,MAURY REGIONAL HOSPITAL,1224 TROTWOOD AVE,COLUMBIA,TN,38401,TN - Nashville,12,25.2,17.78
0012 - Level I Debridement & Destruction,440133,BAPTIST HOSPITAL,2000 CHURCH ST,NASHVILLE,TN,37236,TN - Nashville,11,157.77,18.23
0012 - Level I Debridement & Destruction,440180,JELLICO COMMUNITY HOSPITAL,188 HOSPITAL LANE,JELLICO,TN,37762,TN - Knoxville,15,171.6,19.18
0012 - Level I Debridement & Destruction,450015,PARKLAND HEALTH AND HOSPITAL SYSTEM,5201 HARRY HINES BLVD,DALLAS,TX,75235,TX - Dallas,281,38.2,15.27
0012 - Level I Debridement & Destruction,450018,UNIVERSITY OF TEXAS MEDICAL BRANCH GAL,301 UNIVERSITY BOULEVARD,GALVESTON,TX,77555,TX - Houston,7217,43.29,14.81
0012 - Level I Debridement & Destruction,450039,JPS HEALTH NETWORK,1500 S MAIN ST,FORT WORTH,TX,76104,TX - Fort Worth,460,137.28,17.12
0012 - Level I Debridement & Destruction,450054,SCOTT & WHITE MEMORIAL HOSPITAL,2401 31ST ST,TEMPLE,TX,76508,TX - Temple,24527,69.72,13.77
0012 - Level I Debridement & Destruction,450102,MOTHER FRANCES HOSPITAL,800 EAST DAWSON,TYLER,TX,75701,TX - Tyler,358,33.31,13.47
0012 - Level I Debridement & Destruction,450213,UNIVERSITY HEALTH SYSTEM,4502 MEDICAL DR,SAN ANTONIO,TX,78229,TX - San Antonio,334,17.99,15.29
0012 - Level I Debridement & Destruction,450289,HARRIS COUNTY HOSPITAL DISTRICT,2525 HOLLY HALL,HOUSTON,TX,77054,TX - Houston,39,41.48,15.19
0012 - Level I Debridement & Destruction,450348,FALLS COMMUNITY HOSPITAL AND CLINIC,322 COLEMAN STREET,MARLIN,TX,76661,TX - Waco,31,44,14.02
0012 - Level I Debridement & Destruction,450586,SEYMOUR HOSPITAL,200 STADIUM DRIVE,SEYMOUR,TX,76380,TX - Wichita Falls,33,108.6,14.44
0012 - Level I Debridement & Destruction,450617,CLEAR LAKE REGIONAL MEDICAL CENTER,500 MEDICAL CENTER BLVD,WEBSTER,TX,77598,TX - Houston,41,128.09,19.86
0012 - Level I Debridement & Destruction,450690,UNIVERSITY OF TEXAS HEALTH SCIENCE CENTER AT TYLER,11937 US HIGHWAY 271,TYLER,TX,75708,TX - Tyler,23,25.36,13.31
0012 - Level I Debridement & Destruction,460009,UNIVERSITY HEALTH CARE/UNIV HOSPITALS AND  CLINICS,50 NORTH MEDICAL DRIVE,SALT LAKE CITY,UT,84132,UT - Salt Lake City,7087,33.05,14.64
0012 - Level I Debridement & Destruction,460010,INTERMOUNTAIN MEDICAL CENTER,5121 SOUTH COTTONWOOD STREET,MURRAY,UT,84157,UT - Salt Lake City,22,61.17,14.28
0012 - Level I Debridement & Destruction,460047,ST MARKS HOSPITAL,1200 EAST 3900 SOUTH,SALT LAKE CITY,UT,84124,UT - Salt Lake City,17,87.48,14.29
0012 - Level I Debridement & Destruction,460054,CACHE VALLEY SPECIALITY HOSPITAL,2380 NORTH 400 EAST,NORTH LOGAN,UT,84341,UT - Salt Lake City,15,74.26,17.51
0012 - Level I Debridement & Destruction,470001,CENTRAL VERMONT MEDICAL CENTER,BOX 547,BARRE,VT,5641,VT - Burlington,54,33.85,16.57
0012 - Level I Debridement & Destruction,470003,FLETCHER ALLEN HOSPITAL OF VERMONT,111 COLCHESTER AVE,BURLINGTON,VT,5401,VT - Burlington,3149,49.79,16.64
0012 - Level I Debridement & Destruction,490009,UNIVERSITY OF VIRGINIA MEDICAL CENTER,JEFFERSON PARK AVE,CHARLOTTESVILLE,VA,22908,VA - Charlottesville,3402,59.06,15.47
0012 - Level I Debridement & Destruction,490024,CARILION ROANOKE MEMORIAL CENTER,"1906 BELLEVIEW AVENUE, SE",ROANOKE,VA,24014,VA - Roanoke,387,20.13,14.53
0012 - Level I Debridement & Destruction,490032,MEDICAL COLLEGE OF VIRGINIA HOSPITALS,1250 EAST MARSHALL STREET - BOX 980510,RICHMOND,VA,23298,VA - Richmond,822,290.31,14.91
0012 - Level I Debridement & Destruction,490046,SENTARA LEIGH HOSPITAL,830 KEMPSVILLE ROAD,NORFOLK,VA,23502,VA - Norfolk,775,84.05,13.96
0012 - Level I Debridement & Destruction,490048,LEWISGALE MEDICAL CENTER,1900 ELECTRIC ROAD,SALEM,VA,24153,VA - Roanoke,39,173.24,13.99
0012 - Level I Debridement & Destruction,500003,SKAGIT VALLEY HOSPITAL,1415 KINCAID STREET,MOUNT VERNON,WA,98274,WA - Everett,1430,33.22,16.22
0012 - Level I Debridement & Destruction,500005,VIRGINIA MASON MEDICAL CENTER,1100 NINTH AVENUE (PO BOX 900),SEATTLE,WA,98111,WA - Seattle,4362,48.57,16.1
0012 - Level I Debridement & Destruction,500008,UNIVERSITY OF WASHINGTON MEDICAL CTR,1959 NE PACIFIC ST,SEATTLE,WA,98195,WA - Seattle,680,157.74,16.15
0012 - Level I Debridement & Destruction,500016,CENTRAL WASHINGTON HOSPITAL,1201 SOUTH MILLER STREET,WENATCHEE,WA,98807,WA - Spokane,73,34.3,16.21
0012 - Level I Debridement & Destruction,500030,ST JOSEPH MEDICAL CENTER,2901 SQUALICUM PARKWAY,BELLINGHAM,WA,98225,WA - Seattle,71,40.13,16.47
0012 - Level I Debridement & Destruction,500036,YAKIMA VALLEY MEMORIAL HOSPITAL,2811 TIETON DRIVE,YAKIMA,WA,98902,WA - Yakima,108,54.59,14.96
0012 - Level I Debridement & Destruction,500041,PEACHEALTH ST JOHN MEDICAL CENTER,1615 DELAWARE STREET,LONGVIEW,WA,98632,OR - Portland,623,53.04,15.99
0012 - Level I Debridement & Destruction,500044,DEACONESS HOSPITAL,W 800 FIFTH AVENUE,SPOKANE,WA,99210,WA - Spokane,65,161.24,24.71
0012 - Level I Debridement & Destruction,500050,PEACEHEALTH SOUTHWEST MEDICAL CENTER,400 NE MOTHER JOSEPH PLACE,VANCOUVER,WA,98668,OR - Portland,58,39.41,16.76
0012 - Level I Debridement & Destruction,500051,OVERLAKE HOSPITAL MEDICAL CENTER,1035-116TH AVE NE,BELLEVUE,WA,98004,WA - Seattle,68,157.99,16.34
0012 - Level I Debridement & Destruction,500053,KENNEWICK GENERAL HOSPITAL,900 SOUTH AUBURN STREET,KENNEWICK,WA,99336,WA - Spokane,206,22.03,15.03
0012 - Level I Debridement & Destruction,500064,HARBORVIEW MEDICAL CENTER,325 9TH AVENUE,SEATTLE,WA,98104,WA - Seattle,358,159.69,26.9
0012 - Level I Debridement & Destruction,500072,OLYMPIC MEDICAL CENTER,939 CAROLINE ST,PORT ANGELES,WA,98362,WA - Seattle,183,25.61,16.48
0012 - Level I Debridement & Destruction,500124,EVERGREEN HOSPITAL MEDICAL CENTER,12040 NE 128TH STREET,KIRKLAND,WA,98034,WA - Seattle,55,139.95,16.39
0012 - Level I Debridement & Destruction,510001,WEST VIRGINIA UNIVERSITY HOSPITALS,MEDICAL CENTER DRIVE,MORGANTOWN,WV,26506,WV - Morgantown,43,53.78,13.35
0012 - Level I Debridement & Destruction,520002,MINISTRY ST MICHAELS HOSPITAL OF STEVENS POINT,900 ILLINOIS AVE,STEVENS POINT,WI,54481,WI - Marshfield,550,28.69,23.26
0012 - Level I Debridement & Destruction,520019,MINISTRY ST MARYS HOSPITAL,2251 NORTH SHORE DR,RHINELANDER,WI,54501,WI - Wausau,35,26.18,16.05
0012 - Level I Debridement & Destruction,520027,"COLUMBIA ST MARY'S HOSPITAL OZAUKEE, INC",13111 N PORT WASHINGTON RD,MEQUON,WI,53097,WI - Milwaukee,830,50.94,15.46
0012 - Level I Debridement & Destruction,520028,THE MONROE CLINIC,2005 5TH STREET,MONROE,WI,53566,WI - Madison,954,27.35,16.01
0012 - Level I Debridement & Destruction,520033,RIVERVIEW HSPTL ASSOC,410 DEWEY ST PO BOX 8080,WISCONSIN RAPID,WI,54495,WI - Marshfield,76,54.02,14.18
0012 - Level I Debridement & Destruction,520071,FORT HEALTHCARE,611 SHERMAN AVE E,FORT ATKINSON,WI,53538,WI - Madison,548,106.16,15.06
0012 - Level I Debridement & Destruction,520075,ST VINCENT HSPTL,835 S VAN BUREN ST,GREEN BAY,WI,54301,WI - Green Bay,31,87.85,22.23
0012 - Level I Debridement & Destruction,520089,MERITER HSPTL,202 S PARK ST,MADISON,WI,53715,WI - Madison,23,67,16.72
0012 - Level I Debridement & Destruction,520096,WHEATON FRANCISCAN HEALTHCARE- ALL SAINTS,3801 SPRING ST,RACINE,WI,53405,WI - Milwaukee,218,45.37,15.26
0012 - Level I Debridement & Destruction,520098,UNIVERSITY OF WI  HOSPITALS & CLINICS AUTHORITY,600 HIGHLAND AVENUE,MADISON,WI,53792,WI - Madison,6334,24.53,16.09
0012 - Level I Debridement & Destruction,520100,BELOIT MEM HSPTL,1969 W HART RD,BELOIT,WI,53511,WI - Madison,4335,32.48,14.58
0012 - Level I Debridement & Destruction,520107,HOLY FAMILY MEMORIAL INC,2300 WESTERN AVE PO BOX 1450,MANITOWOC,WI,54221,WI - Green Bay,16,66.25,14.18
0012 - Level I Debridement & Destruction,670034,SCOTT & WHITE HOSPITAL-ROUND ROCK,300 UNIVERSITY BLVD,ROUND ROCK,TX,78664,TX - Austin,7639,67.21,14.44
0013 - Level II Debridement & Destruction,10001,SOUTHEAST ALABAMA MEDICAL CENTER,1108 ROSS CLARK CIRCLE,DOTHAN,AL,36301,AL - Dothan,415,328.97,47.59
0013 - Level II Debridement & Destruction,10005,MARSHALL MEDICAL CENTER SOUTH,2505 U S HIGHWAY 431 NORTH,BOAZ,AL,35957,AL - Birmingham,57,125.57,42.02
0013 - Level II Debridement & Destruction,10006,ELIZA COFFEE MEMORIAL HOSPITAL,205 MARENGO STREET,FLORENCE,AL,35631,AL - Birmingham,35,140,45.43
0013 - Level II Debridement & Destruction,10016,SHELBY BAPTIST MEDICAL CENTER,1000 FIRST STREET NORTH,ALABASTER,AL,35007,AL - Birmingham,69,213.8,42.41
0013 - Level II Debridement & Destruction,10023,BAPTIST MEDICAL CENTER SOUTH,2105 EAST SOUTH BOULEVARD,MONTGOMERY,AL,36116,AL - Montgomery,139,185.87,54.81
0013 - Level II Debridement & Destruction,10024,JACKSON HOSPITAL & CLINIC INC,1725 PINE STREET,MONTGOMERY,AL,36106,AL - Montgomery,61,393.1,53.59
0013 - Level II Debridement & Destruction,10029,EAST ALABAMA MEDICAL CENTER AND SNF,2000 PEPPERELL PARKWAY,OPELIKA,AL,36801,AL - Birmingham,16,159.13,48.35
0013 - Level II Debridement & Destruction,10038,STRINGFELLOW MEMORIAL HOSPITAL,301 EAST 18TH ST,ANNISTON,AL,36201,AL - Birmingham,43,361.23,51.48
